local_path,size_bytes,manifest_record,source_url,declared_license,evidence,next_action,release_rights_confirmed
assets/age_of_war_cover.jpg,1196755,False,,,No manifest record,"Bổ sung tác giả, nguồn và quyền phân phối; ưu tiên cover/sprite dùng trong pilot",False
assets/audio/tile-land.ogg,5720,True,https://raw.githubusercontent.com/KenneyNL/Starter-Kit-Match-3/main/sounds/tile-land.ogg,CC0 1.0 Universal (Public Domain),Manifest claim; source/license not reverified per file,Đối chiếu source và license; xác nhận attribution nếu cần,False
assets/audio/tile-match.ogg,6785,True,https://raw.githubusercontent.com/KenneyNL/Starter-Kit-Match-3/main/sounds/tile-match.ogg,CC0 1.0 Universal (Public Domain),Manifest claim; source/license not reverified per file,Đối chiếu source và license; xác nhận attribution nếu cần,False
assets/audio/tile-swap.ogg,6669,True,https://raw.githubusercontent.com/KenneyNL/Starter-Kit-Match-3/main/sounds/tile-swap.ogg,CC0 1.0 Universal (Public Domain),Manifest claim; source/license not reverified per file,Đối chiếu source và license; xác nhận attribution nếu cần,False
assets/audition_cover.jpg,1157237,False,,,No manifest record,"Bổ sung tác giả, nguồn và quyền phân phối; ưu tiên cover/sprite dùng trong pilot",False
assets/ban_bi_cover.png,10065,False,,,No manifest record,"Bổ sung tác giả, nguồn và quyền phân phối; ưu tiên cover/sprite dùng trong pilot",False
assets/ban_ga_cover.png,11440,False,,,No manifest record,"Bổ sung tác giả, nguồn và quyền phân phối; ưu tiên cover/sprite dùng trong pilot",False
assets/ban_trung_cover.png,11436,False,,,No manifest record,"Bổ sung tác giả, nguồn và quyền phân phối; ưu tiên cover/sprite dùng trong pilot",False
assets/banbi_intro.jpg,1087648,False,,,No manifest record,"Bổ sung tác giả, nguồn và quyền phân phối; ưu tiên cover/sprite dùng trong pilot",False
assets/bantrung_intro.jpg,1167172,False,,,No manifest record,"Bổ sung tác giả, nguồn và quyền phân phối; ưu tiên cover/sprite dùng trong pilot",False
assets/bloxorz_cover.jpg,753828,False,,,No manifest record,"Bổ sung tác giả, nguồn và quyền phân phối; ưu tiên cover/sprite dùng trong pilot",False
assets/boom_online_cover.jpg,1286533,False,,,No manifest record,"Bổ sung tác giả, nguồn và quyền phân phối; ưu tiên cover/sprite dùng trong pilot",False
assets/bubble_bobble_cover.jpg,1124174,False,,,No manifest record,"Bổ sung tác giả, nguồn và quyền phân phối; ưu tiên cover/sprite dùng trong pilot",False
assets/ca_lon_nuot_ca_be_cover.png,11372,False,,,No manifest record,"Bổ sung tác giả, nguồn và quyền phân phối; ưu tiên cover/sprite dùng trong pilot",False
assets/ca_pho_concept_art.jpg,1143016,False,,,No manifest record,"Bổ sung tác giả, nguồn và quyền phân phối; ưu tiên cover/sprite dùng trong pilot",False
assets/caro_cover.png,8187,False,,,No manifest record,"Bổ sung tác giả, nguồn và quyền phân phối; ưu tiên cover/sprite dùng trong pilot",False
assets/co_tuong_cover.png,9273,False,,,No manifest record,"Bổ sung tác giả, nguồn và quyền phân phối; ưu tiên cover/sprite dùng trong pilot",False
assets/cotuong_intro.jpg,876603,False,,,No manifest record,"Bổ sung tác giả, nguồn và quyền phân phối; ưu tiên cover/sprite dùng trong pilot",False
assets/dao_vang_cover.png,10749,False,,,No manifest record,"Bổ sung tác giả, nguồn và quyền phân phối; ưu tiên cover/sprite dùng trong pilot",False
assets/daovang_intro.jpg,1115138,False,,,No manifest record,"Bổ sung tác giả, nguồn và quyền phân phối; ưu tiên cover/sprite dùng trong pilot",False
assets/dat_bom_cover.png,13857,False,,,No manifest record,"Bổ sung tác giả, nguồn và quyền phân phối; ưu tiên cover/sprite dùng trong pilot",False
assets/datbom_intro.jpg,1158355,False,,,No manifest record,"Bổ sung tác giả, nguồn và quyền phân phối; ưu tiên cover/sprite dùng trong pilot",False
assets/diner_dash_cover.png,13066,False,,,No manifest record,"Bổ sung tác giả, nguồn và quyền phân phối; ưu tiên cover/sprite dùng trong pilot",False
assets/diner_intro.jpg,1114709,False,,,No manifest record,"Bổ sung tác giả, nguồn và quyền phân phối; ưu tiên cover/sprite dùng trong pilot",False
assets/do_min_cover.png,10136,False,,,No manifest record,"Bổ sung tác giả, nguồn và quyền phân phối; ưu tiên cover/sprite dùng trong pilot",False
assets/duck_hunt_cover.jpg,840636,False,,,No manifest record,"Bổ sung tác giả, nguồn và quyền phân phối; ưu tiên cover/sprite dùng trong pilot",False
assets/gunny_cover.png,10254,False,,,No manifest record,"Bổ sung tác giả, nguồn và quyền phân phối; ưu tiên cover/sprite dùng trong pilot",False
assets/hang_rong_cover.png,11275,False,,,No manifest record,"Bổ sung tác giả, nguồn và quyền phân phối; ưu tiên cover/sprite dùng trong pilot",False
assets/kim_cuong_cover.png,13283,False,,,No manifest record,"Bổ sung tác giả, nguồn và quyền phân phối; ưu tiên cover/sprite dùng trong pilot",False
assets/line_98_cover.png,11094,False,,,No manifest record,"Bổ sung tác giả, nguồn và quyền phân phối; ưu tiên cover/sprite dùng trong pilot",False
assets/mario_cover.png,11584,False,,,No manifest record,"Bổ sung tác giả, nguồn và quyền phân phối; ưu tiên cover/sprite dùng trong pilot",False
assets/nong_trai_cover.png,12276,False,,,No manifest record,"Bổ sung tác giả, nguồn và quyền phân phối; ưu tiên cover/sprite dùng trong pilot",False
assets/nuoi_ca_cover.png,10434,False,,,No manifest record,"Bổ sung tác giả, nguồn và quyền phân phối; ưu tiên cover/sprite dùng trong pilot",False
assets/o_an_quan_cover.png,9598,False,,,No manifest record,"Bổ sung tác giả, nguồn và quyền phân phối; ưu tiên cover/sprite dùng trong pilot",False
assets/pacman_cover.png,11729,False,,,No manifest record,"Bổ sung tác giả, nguồn và quyền phân phối; ưu tiên cover/sprite dùng trong pilot",False
assets/peggle_cover.png,10679,False,,,No manifest record,"Bổ sung tác giả, nguồn và quyền phân phối; ưu tiên cover/sprite dùng trong pilot",False
assets/pikachu_cover.png,12103,False,,,No manifest record,"Bổ sung tác giả, nguồn và quyền phân phối; ưu tiên cover/sprite dùng trong pilot",False
assets/pvz_cover.png,10704,False,,,No manifest record,"Bổ sung tác giả, nguồn và quyền phân phối; ưu tiên cover/sprite dùng trong pilot",False
assets/road_rash_cover.jpg,1113145,False,,,No manifest record,"Bổ sung tác giả, nguồn và quyền phân phối; ưu tiên cover/sprite dùng trong pilot",False
assets/rockman_cover.jpg,1092322,False,,,No manifest record,"Bổ sung tác giả, nguồn và quyền phân phối; ưu tiên cover/sprite dùng trong pilot",False
assets/snake_cover.png,7134,False,,,No manifest record,"Bổ sung tác giả, nguồn và quyền phân phối; ưu tiên cover/sprite dùng trong pilot",False
assets/sprites/cards/card_back.png,215,True,https://raw.githubusercontent.com/shorepine/kenney/main/2d/Playing%20Cards%20Pack/Cards%20(medium)/card_back.png,CC0 1.0 Universal (Public Domain),Manifest claim; source/license not reverified per file,Đối chiếu source và license; xác nhận attribution nếu cần,False
assets/sprites/cards/card_clubs_10.png,218,True,https://raw.githubusercontent.com/shorepine/kenney/main/2d/Playing%20Cards%20Pack/Cards%20(medium)/card_clubs_10.png,CC0 1.0 Universal (Public Domain),Manifest claim; source/license not reverified per file,Đối chiếu source và license; xác nhận attribution nếu cần,False
assets/sprites/cards/card_clubs_A.png,219,True,https://raw.githubusercontent.com/shorepine/kenney/main/2d/Playing%20Cards%20Pack/Cards%20(medium)/card_clubs_A.png,CC0 1.0 Universal (Public Domain),Manifest claim; source/license not reverified per file,Đối chiếu source và license; xác nhận attribution nếu cần,False
assets/sprites/cards/card_clubs_J.png,218,True,https://raw.githubusercontent.com/shorepine/kenney/main/2d/Playing%20Cards%20Pack/Cards%20(medium)/card_clubs_J.png,CC0 1.0 Universal (Public Domain),Manifest claim; source/license not reverified per file,Đối chiếu source và license; xác nhận attribution nếu cần,False
assets/sprites/cards/card_clubs_K.png,221,True,https://raw.githubusercontent.com/shorepine/kenney/main/2d/Playing%20Cards%20Pack/Cards%20(medium)/card_clubs_K.png,CC0 1.0 Universal (Public Domain),Manifest claim; source/license not reverified per file,Đối chiếu source và license; xác nhận attribution nếu cần,False
assets/sprites/cards/card_clubs_Q.png,220,True,https://raw.githubusercontent.com/shorepine/kenney/main/2d/Playing%20Cards%20Pack/Cards%20(medium)/card_clubs_Q.png,CC0 1.0 Universal (Public Domain),Manifest claim; source/license not reverified per file,Đối chiếu source và license; xác nhận attribution nếu cần,False
assets/sprites/cards/card_diamonds_A.png,229,True,https://raw.githubusercontent.com/shorepine/kenney/main/2d/Playing%20Cards%20Pack/Cards%20(medium)/card_diamonds_A.png,CC0 1.0 Universal (Public Domain),Manifest claim; source/license not reverified per file,Đối chiếu source và license; xác nhận attribution nếu cần,False
assets/sprites/cards/card_diamonds_K.png,231,True,https://raw.githubusercontent.com/shorepine/kenney/main/2d/Playing%20Cards%20Pack/Cards%20(medium)/card_diamonds_K.png,CC0 1.0 Universal (Public Domain),Manifest claim; source/license not reverified per file,Đối chiếu source và license; xác nhận attribution nếu cần,False
assets/sprites/cards/card_hearts_10.png,226,True,https://raw.githubusercontent.com/shorepine/kenney/main/2d/Playing%20Cards%20Pack/Cards%20(medium)/card_hearts_10.png,CC0 1.0 Universal (Public Domain),Manifest claim; source/license not reverified per file,Đối chiếu source và license; xác nhận attribution nếu cần,False
assets/sprites/cards/card_hearts_A.png,229,True,https://raw.githubusercontent.com/shorepine/kenney/main/2d/Playing%20Cards%20Pack/Cards%20(medium)/card_hearts_A.png,CC0 1.0 Universal (Public Domain),Manifest claim; source/license not reverified per file,Đối chiếu source và license; xác nhận attribution nếu cần,False
assets/sprites/cards/card_hearts_J.png,228,True,https://raw.githubusercontent.com/shorepine/kenney/main/2d/Playing%20Cards%20Pack/Cards%20(medium)/card_hearts_J.png,CC0 1.0 Universal (Public Domain),Manifest claim; source/license not reverified per file,Đối chiếu source và license; xác nhận attribution nếu cần,False
assets/sprites/cards/card_hearts_K.png,231,True,https://raw.githubusercontent.com/shorepine/kenney/main/2d/Playing%20Cards%20Pack/Cards%20(medium)/card_hearts_K.png,CC0 1.0 Universal (Public Domain),Manifest claim; source/license not reverified per file,Đối chiếu source và license; xác nhận attribution nếu cần,False
assets/sprites/cards/card_hearts_Q.png,230,True,https://raw.githubusercontent.com/shorepine/kenney/main/2d/Playing%20Cards%20Pack/Cards%20(medium)/card_hearts_Q.png,CC0 1.0 Universal (Public Domain),Manifest claim; source/license not reverified per file,Đối chiếu source và license; xác nhận attribution nếu cần,False
assets/sprites/cards/card_spades_A.png,222,True,https://raw.githubusercontent.com/shorepine/kenney/main/2d/Playing%20Cards%20Pack/Cards%20(medium)/card_spades_A.png,CC0 1.0 Universal (Public Domain),Manifest claim; source/license not reverified per file,Đối chiếu source và license; xác nhận attribution nếu cần,False
assets/sprites/cards/card_spades_K.png,222,True,https://raw.githubusercontent.com/shorepine/kenney/main/2d/Playing%20Cards%20Pack/Cards%20(medium)/card_spades_K.png,CC0 1.0 Universal (Public Domain),Manifest claim; source/license not reverified per file,Đối chiếu source và license; xác nhận attribution nếu cần,False
assets/sprites/food/food_01.png,192,False,,,No manifest record,"Bổ sung tác giả, nguồn và quyền phân phối; ưu tiên cover/sprite dùng trong pilot",False
assets/sprites/food/tile_0000.png,192,True,https://raw.githubusercontent.com/shorepine/kenney/main/2d/Pixel%20Platformer%20Food%20Expansion/Tiles/tile_0000.png,CC0 1.0 Universal (Public Domain),Manifest claim; source/license not reverified per file,Đối chiếu source và license; xác nhận attribution nếu cần,False
assets/sprites/food/tile_0001.png,179,True,https://raw.githubusercontent.com/shorepine/kenney/main/2d/Pixel%20Platformer%20Food%20Expansion/Tiles/tile_0001.png,CC0 1.0 Universal (Public Domain),Manifest claim; source/license not reverified per file,Đối chiếu source và license; xác nhận attribution nếu cần,False
assets/sprites/food/tile_0002.png,168,True,https://raw.githubusercontent.com/shorepine/kenney/main/2d/Pixel%20Platformer%20Food%20Expansion/Tiles/tile_0002.png,CC0 1.0 Universal (Public Domain),Manifest claim; source/license not reverified per file,Đối chiếu source và license; xác nhận attribution nếu cần,False
assets/sprites/food/tile_0003.png,180,True,https://raw.githubusercontent.com/shorepine/kenney/main/2d/Pixel%20Platformer%20Food%20Expansion/Tiles/tile_0003.png,CC0 1.0 Universal (Public Domain),Manifest claim; source/license not reverified per file,Đối chiếu source và license; xác nhận attribution nếu cần,False
assets/sprites/food/tile_0004.png,192,True,https://raw.githubusercontent.com/shorepine/kenney/main/2d/Pixel%20Platformer%20Food%20Expansion/Tiles/tile_0004.png,CC0 1.0 Universal (Public Domain),Manifest claim; source/license not reverified per file,Đối chiếu source và license; xác nhận attribution nếu cần,False
assets/sprites/food/tile_0005.png,182,True,https://raw.githubusercontent.com/shorepine/kenney/main/2d/Pixel%20Platformer%20Food%20Expansion/Tiles/tile_0005.png,CC0 1.0 Universal (Public Domain),Manifest claim; source/license not reverified per file,Đối chiếu source và license; xác nhận attribution nếu cần,False
assets/sprites/food/tile_0006.png,168,True,https://raw.githubusercontent.com/shorepine/kenney/main/2d/Pixel%20Platformer%20Food%20Expansion/Tiles/tile_0006.png,CC0 1.0 Universal (Public Domain),Manifest claim; source/license not reverified per file,Đối chiếu source và license; xác nhận attribution nếu cần,False
assets/sprites/food/tile_0007.png,188,True,https://raw.githubusercontent.com/shorepine/kenney/main/2d/Pixel%20Platformer%20Food%20Expansion/Tiles/tile_0007.png,CC0 1.0 Universal (Public Domain),Manifest claim; source/license not reverified per file,Đối chiếu source và license; xác nhận attribution nếu cần,False
assets/sprites/food/tile_0008.png,210,True,https://raw.githubusercontent.com/shorepine/kenney/main/2d/Pixel%20Platformer%20Food%20Expansion/Tiles/tile_0008.png,CC0 1.0 Universal (Public Domain),Manifest claim; source/license not reverified per file,Đối chiếu source và license; xác nhận attribution nếu cần,False
assets/sprites/food/tile_0009.png,215,True,https://raw.githubusercontent.com/shorepine/kenney/main/2d/Pixel%20Platformer%20Food%20Expansion/Tiles/tile_0009.png,CC0 1.0 Universal (Public Domain),Manifest claim; source/license not reverified per file,Đối chiếu source và license; xác nhận attribution nếu cần,False
assets/sprites/food/tile_0010.png,166,True,https://raw.githubusercontent.com/shorepine/kenney/main/2d/Pixel%20Platformer%20Food%20Expansion/Tiles/tile_0010.png,CC0 1.0 Universal (Public Domain),Manifest claim; source/license not reverified per file,Đối chiếu source và license; xác nhận attribution nếu cần,False
assets/sprites/food/tile_0011.png,142,True,https://raw.githubusercontent.com/shorepine/kenney/main/2d/Pixel%20Platformer%20Food%20Expansion/Tiles/tile_0011.png,CC0 1.0 Universal (Public Domain),Manifest claim; source/license not reverified per file,Đối chiếu source và license; xác nhận attribution nếu cần,False
assets/sprites/food/tile_0012.png,164,True,https://raw.githubusercontent.com/shorepine/kenney/main/2d/Pixel%20Platformer%20Food%20Expansion/Tiles/tile_0012.png,CC0 1.0 Universal (Public Domain),Manifest claim; source/license not reverified per file,Đối chiếu source và license; xác nhận attribution nếu cần,False
assets/sprites/food/tile_0013.png,188,True,https://raw.githubusercontent.com/shorepine/kenney/main/2d/Pixel%20Platformer%20Food%20Expansion/Tiles/tile_0013.png,CC0 1.0 Universal (Public Domain),Manifest claim; source/license not reverified per file,Đối chiếu source và license; xác nhận attribution nếu cần,False
assets/sprites/food/tile_0014.png,247,True,https://raw.githubusercontent.com/shorepine/kenney/main/2d/Pixel%20Platformer%20Food%20Expansion/Tiles/tile_0014.png,CC0 1.0 Universal (Public Domain),Manifest claim; source/license not reverified per file,Đối chiếu source và license; xác nhận attribution nếu cần,False
assets/sprites/food/tile_0015.png,219,True,https://raw.githubusercontent.com/shorepine/kenney/main/2d/Pixel%20Platformer%20Food%20Expansion/Tiles/tile_0015.png,CC0 1.0 Universal (Public Domain),Manifest claim; source/license not reverified per file,Đối chiếu source và license; xác nhận attribution nếu cần,False
assets/sprites/food/tile_0016.png,188,True,https://raw.githubusercontent.com/shorepine/kenney/main/2d/Pixel%20Platformer%20Food%20Expansion/Tiles/tile_0016.png,CC0 1.0 Universal (Public Domain),Manifest claim; source/license not reverified per file,Đối chiếu source và license; xác nhận attribution nếu cần,False
assets/sprites/food/tile_0017.png,180,True,https://raw.githubusercontent.com/shorepine/kenney/main/2d/Pixel%20Platformer%20Food%20Expansion/Tiles/tile_0017.png,CC0 1.0 Universal (Public Domain),Manifest claim; source/license not reverified per file,Đối chiếu source và license; xác nhận attribution nếu cần,False
assets/sprites/food/tile_0018.png,174,True,https://raw.githubusercontent.com/shorepine/kenney/main/2d/Pixel%20Platformer%20Food%20Expansion/Tiles/tile_0018.png,CC0 1.0 Universal (Public Domain),Manifest claim; source/license not reverified per file,Đối chiếu source và license; xác nhận attribution nếu cần,False
assets/sprites/food/tile_0019.png,180,True,https://raw.githubusercontent.com/shorepine/kenney/main/2d/Pixel%20Platformer%20Food%20Expansion/Tiles/tile_0019.png,CC0 1.0 Universal (Public Domain),Manifest claim; source/license not reverified per file,Đối chiếu source và license; xác nhận attribution nếu cần,False
assets/sprites/food/tile_0020.png,188,True,https://raw.githubusercontent.com/shorepine/kenney/main/2d/Pixel%20Platformer%20Food%20Expansion/Tiles/tile_0020.png,CC0 1.0 Universal (Public Domain),Manifest claim; source/license not reverified per file,Đối chiếu source và license; xác nhận attribution nếu cần,False
assets/sprites/food/tile_0021.png,180,True,https://raw.githubusercontent.com/shorepine/kenney/main/2d/Pixel%20Platformer%20Food%20Expansion/Tiles/tile_0021.png,CC0 1.0 Universal (Public Domain),Manifest claim; source/license not reverified per file,Đối chiếu source và license; xác nhận attribution nếu cần,False
assets/sprites/food/tile_0022.png,174,True,https://raw.githubusercontent.com/shorepine/kenney/main/2d/Pixel%20Platformer%20Food%20Expansion/Tiles/tile_0022.png,CC0 1.0 Universal (Public Domain),Manifest claim; source/license not reverified per file,Đối chiếu source và license; xác nhận attribution nếu cần,False
assets/sprites/food/tile_0023.png,180,True,https://raw.githubusercontent.com/shorepine/kenney/main/2d/Pixel%20Platformer%20Food%20Expansion/Tiles/tile_0023.png,CC0 1.0 Universal (Public Domain),Manifest claim; source/license not reverified per file,Đối chiếu source và license; xác nhận attribution nếu cần,False
assets/sprites/food/tile_0024.png,121,True,https://raw.githubusercontent.com/shorepine/kenney/main/2d/Pixel%20Platformer%20Food%20Expansion/Tiles/tile_0024.png,CC0 1.0 Universal (Public Domain),Manifest claim; source/license not reverified per file,Đối chiếu source và license; xác nhận attribution nếu cần,False
assets/sprites/food/tile_0025.png,216,True,https://raw.githubusercontent.com/shorepine/kenney/main/2d/Pixel%20Platformer%20Food%20Expansion/Tiles/tile_0025.png,CC0 1.0 Universal (Public Domain),Manifest claim; source/license not reverified per file,Đối chiếu source và license; xác nhận attribution nếu cần,False
assets/sprites/food/tile_0026.png,188,True,https://raw.githubusercontent.com/shorepine/kenney/main/2d/Pixel%20Platformer%20Food%20Expansion/Tiles/tile_0026.png,CC0 1.0 Universal (Public Domain),Manifest claim; source/license not reverified per file,Đối chiếu source và license; xác nhận attribution nếu cần,False
assets/sprites/food/tile_0027.png,160,True,https://raw.githubusercontent.com/shorepine/kenney/main/2d/Pixel%20Platformer%20Food%20Expansion/Tiles/tile_0027.png,CC0 1.0 Universal (Public Domain),Manifest claim; source/license not reverified per file,Đối chiếu source và license; xác nhận attribution nếu cần,False
assets/sprites/food/tile_0028.png,188,True,https://raw.githubusercontent.com/shorepine/kenney/main/2d/Pixel%20Platformer%20Food%20Expansion/Tiles/tile_0028.png,CC0 1.0 Universal (Public Domain),Manifest claim; source/license not reverified per file,Đối chiếu source và license; xác nhận attribution nếu cần,False
assets/sprites/food/tile_0029.png,207,True,https://raw.githubusercontent.com/shorepine/kenney/main/2d/Pixel%20Platformer%20Food%20Expansion/Tiles/tile_0029.png,CC0 1.0 Universal (Public Domain),Manifest claim; source/license not reverified per file,Đối chiếu source và license; xác nhận attribution nếu cần,False
assets/sprites/items/genericItem_color_001.png,1271,True,https://raw.githubusercontent.com/shorepine/kenney/main/2d/Generic%20Items/Colored/genericItem_color_001.png,CC0 1.0 Universal (Public Domain),Manifest claim; source/license not reverified per file,Đối chiếu source và license; xác nhận attribution nếu cần,False
assets/sprites/items/genericItem_color_002.png,1600,True,https://raw.githubusercontent.com/shorepine/kenney/main/2d/Generic%20Items/Colored/genericItem_color_002.png,CC0 1.0 Universal (Public Domain),Manifest claim; source/license not reverified per file,Đối chiếu source và license; xác nhận attribution nếu cần,False
assets/sprites/items/genericItem_color_003.png,920,True,https://raw.githubusercontent.com/shorepine/kenney/main/2d/Generic%20Items/Colored/genericItem_color_003.png,CC0 1.0 Universal (Public Domain),Manifest claim; source/license not reverified per file,Đối chiếu source và license; xác nhận attribution nếu cần,False
assets/sprites/items/genericItem_color_004.png,857,True,https://raw.githubusercontent.com/shorepine/kenney/main/2d/Generic%20Items/Colored/genericItem_color_004.png,CC0 1.0 Universal (Public Domain),Manifest claim; source/license not reverified per file,Đối chiếu source và license; xác nhận attribution nếu cần,False
assets/sprites/items/genericItem_color_005.png,947,True,https://raw.githubusercontent.com/shorepine/kenney/main/2d/Generic%20Items/Colored/genericItem_color_005.png,CC0 1.0 Universal (Public Domain),Manifest claim; source/license not reverified per file,Đối chiếu source và license; xác nhận attribution nếu cần,False
assets/sprites/items/genericItem_color_006.png,999,True,https://raw.githubusercontent.com/shorepine/kenney/main/2d/Generic%20Items/Colored/genericItem_color_006.png,CC0 1.0 Universal (Public Domain),Manifest claim; source/license not reverified per file,Đối chiếu source và license; xác nhận attribution nếu cần,False
assets/sprites/items/genericItem_color_007.png,736,True,https://raw.githubusercontent.com/shorepine/kenney/main/2d/Generic%20Items/Colored/genericItem_color_007.png,CC0 1.0 Universal (Public Domain),Manifest claim; source/license not reverified per file,Đối chiếu source và license; xác nhận attribution nếu cần,False
assets/sprites/items/genericItem_color_008.png,1182,True,https://raw.githubusercontent.com/shorepine/kenney/main/2d/Generic%20Items/Colored/genericItem_color_008.png,CC0 1.0 Universal (Public Domain),Manifest claim; source/license not reverified per file,Đối chiếu source và license; xác nhận attribution nếu cần,False
assets/sprites/items/genericItem_color_009.png,1094,True,https://raw.githubusercontent.com/shorepine/kenney/main/2d/Generic%20Items/Colored/genericItem_color_009.png,CC0 1.0 Universal (Public Domain),Manifest claim; source/license not reverified per file,Đối chiếu source và license; xác nhận attribution nếu cần,False
assets/sprites/items/genericItem_color_010.png,1079,True,https://raw.githubusercontent.com/shorepine/kenney/main/2d/Generic%20Items/Colored/genericItem_color_010.png,CC0 1.0 Universal (Public Domain),Manifest claim; source/license not reverified per file,Đối chiếu source và license; xác nhận attribution nếu cần,False
assets/sprites/items/genericItem_color_011.png,1258,True,https://raw.githubusercontent.com/shorepine/kenney/main/2d/Generic%20Items/Colored/genericItem_color_011.png,CC0 1.0 Universal (Public Domain),Manifest claim; source/license not reverified per file,Đối chiếu source và license; xác nhận attribution nếu cần,False
assets/sprites/items/genericItem_color_012.png,1245,True,https://raw.githubusercontent.com/shorepine/kenney/main/2d/Generic%20Items/Colored/genericItem_color_012.png,CC0 1.0 Universal (Public Domain),Manifest claim; source/license not reverified per file,Đối chiếu source và license; xác nhận attribution nếu cần,False
assets/sprites/items/genericItem_color_013.png,1138,True,https://raw.githubusercontent.com/shorepine/kenney/main/2d/Generic%20Items/Colored/genericItem_color_013.png,CC0 1.0 Universal (Public Domain),Manifest claim; source/license not reverified per file,Đối chiếu source và license; xác nhận attribution nếu cần,False
assets/sprites/items/genericItem_color_014.png,1516,True,https://raw.githubusercontent.com/shorepine/kenney/main/2d/Generic%20Items/Colored/genericItem_color_014.png,CC0 1.0 Universal (Public Domain),Manifest claim; source/license not reverified per file,Đối chiếu source và license; xác nhận attribution nếu cần,False
assets/sprites/items/genericItem_color_015.png,1117,True,https://raw.githubusercontent.com/shorepine/kenney/main/2d/Generic%20Items/Colored/genericItem_color_015.png,CC0 1.0 Universal (Public Domain),Manifest claim; source/license not reverified per file,Đối chiếu source và license; xác nhận attribution nếu cần,False
assets/sprites/items/genericItem_color_016.png,1638,True,https://raw.githubusercontent.com/shorepine/kenney/main/2d/Generic%20Items/Colored/genericItem_color_016.png,CC0 1.0 Universal (Public Domain),Manifest claim; source/license not reverified per file,Đối chiếu source và license; xác nhận attribution nếu cần,False
assets/sprites/items/genericItem_color_017.png,1751,True,https://raw.githubusercontent.com/shorepine/kenney/main/2d/Generic%20Items/Colored/genericItem_color_017.png,CC0 1.0 Universal (Public Domain),Manifest claim; source/license not reverified per file,Đối chiếu source và license; xác nhận attribution nếu cần,False
assets/sprites/items/genericItem_color_018.png,654,True,https://raw.githubusercontent.com/shorepine/kenney/main/2d/Generic%20Items/Colored/genericItem_color_018.png,CC0 1.0 Universal (Public Domain),Manifest claim; source/license not reverified per file,Đối chiếu source và license; xác nhận attribution nếu cần,False
assets/sprites/items/genericItem_color_019.png,667,True,https://raw.githubusercontent.com/shorepine/kenney/main/2d/Generic%20Items/Colored/genericItem_color_019.png,CC0 1.0 Universal (Public Domain),Manifest claim; source/license not reverified per file,Đối chiếu source và license; xác nhận attribution nếu cần,False
assets/sprites/items/genericItem_color_020.png,1468,True,https://raw.githubusercontent.com/shorepine/kenney/main/2d/Generic%20Items/Colored/genericItem_color_020.png,CC0 1.0 Universal (Public Domain),Manifest claim; source/license not reverified per file,Đối chiếu source và license; xác nhận attribution nếu cần,False
assets/sprites/items/genericItem_color_021.png,1573,True,https://raw.githubusercontent.com/shorepine/kenney/main/2d/Generic%20Items/Colored/genericItem_color_021.png,CC0 1.0 Universal (Public Domain),Manifest claim; source/license not reverified per file,Đối chiếu source và license; xác nhận attribution nếu cần,False
assets/sprites/items/genericItem_color_022.png,1794,True,https://raw.githubusercontent.com/shorepine/kenney/main/2d/Generic%20Items/Colored/genericItem_color_022.png,CC0 1.0 Universal (Public Domain),Manifest claim; source/license not reverified per file,Đối chiếu source và license; xác nhận attribution nếu cần,False
assets/sprites/items/genericItem_color_023.png,1787,True,https://raw.githubusercontent.com/shorepine/kenney/main/2d/Generic%20Items/Colored/genericItem_color_023.png,CC0 1.0 Universal (Public Domain),Manifest claim; source/license not reverified per file,Đối chiếu source và license; xác nhận attribution nếu cần,False
assets/sprites/items/genericItem_color_024.png,912,True,https://raw.githubusercontent.com/shorepine/kenney/main/2d/Generic%20Items/Colored/genericItem_color_024.png,CC0 1.0 Universal (Public Domain),Manifest claim; source/license not reverified per file,Đối chiếu source và license; xác nhận attribution nếu cần,False
assets/street_fighter_cover.jpg,990378,False,,,No manifest record,"Bổ sung tác giả, nguồn và quyền phân phối; ưu tiên cover/sprite dùng trong pilot",False
assets/tetris_cover.png,9931,False,,,No manifest record,"Bổ sung tác giả, nguồn và quyền phân phối; ưu tiên cover/sprite dùng trong pilot",False
assets/ui/button_rectangle_depth_line.png,399,True,https://raw.githubusercontent.com/shorepine/kenney/main/ui/UI%20Pack/Extra/button_rectangle_depth_line.png,CC0 1.0 Universal (Public Domain),Manifest claim; source/license not reverified per file,Đối chiếu source và license; xác nhận attribution nếu cần,False
assets/ui/button_rectangle_line.png,327,True,https://raw.githubusercontent.com/shorepine/kenney/main/ui/UI%20Pack/Extra/button_rectangle_line.png,CC0 1.0 Universal (Public Domain),Manifest claim; source/license not reverified per file,Đối chiếu source và license; xác nhận attribution nếu cần,False
assets/ui/button_round_depth_line.png,1462,True,https://raw.githubusercontent.com/shorepine/kenney/main/ui/UI%20Pack/Extra/button_round_depth_line.png,CC0 1.0 Universal (Public Domain),Manifest claim; source/license not reverified per file,Đối chiếu source và license; xác nhận attribution nếu cần,False
assets/ui/button_round_line.png,1176,True,https://raw.githubusercontent.com/shorepine/kenney/main/ui/UI%20Pack/Extra/button_round_line.png,CC0 1.0 Universal (Public Domain),Manifest claim; source/license not reverified per file,Đối chiếu source và license; xác nhận attribution nếu cần,False
assets/ui/button_square_depth_line.png,362,True,https://raw.githubusercontent.com/shorepine/kenney/main/ui/UI%20Pack/Extra/button_square_depth_line.png,CC0 1.0 Universal (Public Domain),Manifest claim; source/license not reverified per file,Đối chiếu source và license; xác nhận attribution nếu cần,False
assets/ui/button_square_line.png,292,True,https://raw.githubusercontent.com/shorepine/kenney/main/ui/UI%20Pack/Extra/button_square_line.png,CC0 1.0 Universal (Public Domain),Manifest claim; source/license not reverified per file,Đối chiếu source và license; xác nhận attribution nếu cần,False
assets/ui/divider.png,89,True,https://raw.githubusercontent.com/shorepine/kenney/main/ui/UI%20Pack/Extra/divider.png,CC0 1.0 Universal (Public Domain),Manifest claim; source/license not reverified per file,Đối chiếu source và license; xác nhận attribution nếu cần,False
assets/ui/divider_edges.png,121,True,https://raw.githubusercontent.com/shorepine/kenney/main/ui/UI%20Pack/Extra/divider_edges.png,CC0 1.0 Universal (Public Domain),Manifest claim; source/license not reverified per file,Đối chiếu source và license; xác nhận attribution nếu cần,False
assets/ui/icon_arrow_down_dark.png,237,True,https://raw.githubusercontent.com/shorepine/kenney/main/ui/UI%20Pack/Extra/icon_arrow_down_dark.png,CC0 1.0 Universal (Public Domain),Manifest claim; source/license not reverified per file,Đối chiếu source và license; xác nhận attribution nếu cần,False
assets/ui/icon_arrow_up_dark.png,243,True,https://raw.githubusercontent.com/shorepine/kenney/main/ui/UI%20Pack/Extra/icon_arrow_up_dark.png,CC0 1.0 Universal (Public Domain),Manifest claim; source/license not reverified per file,Đối chiếu source và license; xác nhận attribution nếu cần,False
assets/uno_cover.png,11656,False,,,No manifest record,"Bổ sung tác giả, nguồn và quyền phân phối; ưu tiên cover/sprite dùng trong pilot",False
assets/uno_intro.jpg,976024,False,,,No manifest record,"Bổ sung tác giả, nguồn và quyền phân phối; ưu tiên cover/sprite dùng trong pilot",False
assets/xe_tang_1990_cover.png,12427,False,,,No manifest record,"Bổ sung tác giả, nguồn và quyền phân phối; ưu tiên cover/sprite dùng trong pilot",False
assets/zuma_cover.png,12607,False,,,No manifest record,"Bổ sung tác giả, nguồn và quyền phân phối; ưu tiên cover/sprite dùng trong pilot",False
assets/zuma_intro.jpg,1133737,False,,,No manifest record,"Bổ sung tác giả, nguồn và quyền phân phối; ưu tiên cover/sprite dùng trong pilot",False
